RefName,Regimen,Cell line,Concentration,BaselineRefSeq,Strain,Baseline mutations,Experiment,Passage,Cumulative culture time,Gene,Delta mutations,Source
Vingerhoets05,ETR,MT-4-LTR-EGFP,200nM,LAI,LAI,,1,Unknown,25d,RT,L100LI+Y181C+T386A,Table 1
Vingerhoets05,ETR,MT-4-LTR-EGFP,40nM,LAI,LAI,,2,Unknown,11d,RT,V179VI+Y181C,Table 1
Vingerhoets05,ETR,MT-4-LTR-EGFP,40nM,LAI,LAI,,3,Unknown,13d,RT,Y181C,Table 1
Vingerhoets05,ETR,MT-4-LTR-EGFP,40nM,HXB2,HXB2 (K103N),K103N,1,Unknown,11d,RT,L100LI+Y181CY,Table 1
Vingerhoets05,ETR,MT-4-LTR-EGFP,200nM,HXB2,HXB2 (K103N),K103N,1,Unknown,28d,RT,Y181C+M230MI,Table 1
Vingerhoets05,ETR,MT-4-LTR-EGFP,40nM,HXB2,HXB2 (K103N),K103N,2,Unknown,13d,RT,L100LI+Y181CY+Q278RC,Table 1
Vingerhoets05,ETR,MT-4-LTR-EGFP,40nM,HXB2,HXB2 (Y181C),Y181C,1,Unknown,7d,RT,V179VI,Table 1
Vingerhoets05,ETR,MT-4-LTR-EGFP,200nM,HXB2,HXB2 (Y181C),Y181C,1,Unknown,11d,RT,V179F,Table 1
Vingerhoets05,ETR,MT-4-LTR-EGFP,40nM,HXB2,HXB2 (Y181C),Y181C,2,Unknown,9d,RT,V179VI,Table 1
Vingerhoets05,ETR,MT-4-LTR-EGFP,200nM,HXB2,HXB2 (Y181C),Y181C,2,Unknown,13d,RT,V179I,Table 1
Vingerhoets05,ETR,MT-4-LTR-EGFP,40nM,HXB2,HXB2 (K103N/Y181C),K103N+Y181C,1,Unknown,7d,RT,E194EK,Table 1
Vingerhoets05,ETR,MT-4-LTR-EGFP,200nM,HXB2,HXB2 (K103N/Y181C),K103N+Y181C,1,Unknown,7d,RT,L100I+V184VI+E194GE,Table 1
Vingerhoets05,ETR,MT-4-LTR-EGFP,1000nM,HXB2,HXB2 (K103N/Y181C),K103N+Y181C,1,Unknown,11d,RT,L100I+E194G,Table 1
Vingerhoets05,ETR,MT-4-LTR-EGFP,40nM,HXB2,HXB2 (K103N/Y181C),K103N+Y181C,2,Unknown,6d,RT,P313PS,Table 1
Vingerhoets05,ETR,MT-4-LTR-EGFP,200nM,HXB2,HXB2 (K103N/Y181C),K103N+Y181C,2,Unknown,9d,RT,L100I+V189VI+E194GE+R356RK,Table 1
Vingerhoets05,ETR,MT-4-LTR-EGFP,1000nM,HXB2,HXB2 (K103N/Y181C),K103N+Y181C,2,Unknown,13d,RT,L100I+V189I+E194G,Table 1
