IsolateName,CanonName,Genbank,Subtype,CA Mutations,PR Mutations,RT Mutations,IN Mutations
BRU,,K02013,B,L6I+L83V,N37S,K122E+F214L+A272P+K277R+M357T+A376T+A400T+N447S+D460N+S468T+S519N,E10D+I72V
A018A,,X75205,B,NA,NA,R83K+I178L+R211K+A272P+K277R,NA
HXB2,,K03455,B,L6I+L83V,I3V+N37S,K122E+F214L+A272P+K277R+A376T+A400T+D460N+S468T+H483Y+K512Q+S519N,E10D+I72V+S123G+T124A+K127R+D232N
GB8,,AJ271445,B,S44A+L83V+I91V+T148V+E180D,L10I+E35D+R57K+I64V+I93L,A98S+D123E+D177E+T215S+A272P+K277R+T286A+P294T+I326V+Q334L+R356K+T403M+V435I+S468P+K512R+L517V+A554S+V559I,E11D+S24N+E96D+L101I+S119R
pNL4-3,,AF324493,B,N120H+A208G,None,K102Q+S162C+K277R+I293V+R358K+V435I+S468P,I72V+I113V+V151I+L234V
IIIB,,KJ925006,B,L6I+L83V,N37S,K122E+F214L+A272P+K277R+A376T+A400T+D460N+R461K+S468P+D471N+H483Y+S519N+V559I,"
E10D+I72V+T124A+D232N"
RF,,M17451,B,T148I+E180D+L189F+G225S+V230I,L10I+I13V+R41K,D123E+G141R+R172K+D177E+T200I+Q207E+R211K+I293V+P294Q+E297K+I375V+V435I+K550R+A554T,E10D+L101I+T112V+E157Q+K160Q+P238H
NL4-3,pNL4-3,,,,,,
LAI,BRU,,,,,,
Consensus B,,,B,None,None,None,None
CNGZD,,JQ423923,CRF07_BC,L6I+A14P+M68I+E71D+A77AT+G106GR+G116A+N120G+I124V+E128D+I129IV+R154K+Y169F+S178T+E180D+E187D+K203R+A208G+T210S+L211I+G225S,E35D+R41K+K43KE+D60E+L63P+I72T+P81PS+I93L,V35T+E36A+T39D+E44EG+S48T+V60I+D121Y+K122E+V179E+R211G+T240TA+V245+D256DG+A272P+K277R+T286A+E291D+V292I+I293V+E300EG+G335D+R356K+M357R+G359A+A376T+T377M+K390R+A400T+E404D+E432D+A437V+L452I+Q464K+D471E+H483C+L484I+L491S+S519N+K530R+A534S+G541GE+G543GE+D549DN+A554S,D6N+E10EK+E13EK+V31I+K42Q+M50I+I84M+L101I+T112V+T125A+K136Q+E152EK+A169AT+V201I+L234S+R269K+D278A+S283G
R8,,KT200357,B,H87Q+I91V+M96I+G116A+N120H+T148V+E180D+T216S,L10V+I15V+M36I+R41K+I62V+L63P+C67S,I31L+K32N+V35I+T39A+V60I+V90I+A98S+K102Q+I135V+T139K+G141A+I178M+G196E+V245K+A272P+K277R+I293V+P294S+E297R+M357T+S379G+T386I+A400T+L452I+S468P+K512Q+L517I+A554S,S17N+N27D+I72V+L101I+S119P+T122I+T124N+V201I+I203M+T206S+E212A+D256E+A265V
92RW026,,ON351530,A,NA,NA,V35T+T39S+K49R+V60I+K122E+D123S+I135T+I142T+K166R+F171V+K173S+Q174K+V179I+T200A+Q207A+R211S+E248D+S251H+A272P+T286A+E291D+V292I+I293V+P294T+G335D+M357K+G359S+T369A+A371V+I375V+A376T+T377M+A400T+T403M+E404D+E432D,NA
93MW959,,ON351531,C,NA,NA,V35T+E36A+T39E+S48T+V60I+K122E+D123G+K173A+D177E+T200A+Q207E+V245Q+A272P+K277R+T286A+E291D+V292I+I293V+Q334H+G335D+R356K+G359T+T377M+K390R+A400T+E404D,NA
Strain 5326,,KX714021,B,NA,NA,NA,K7R+E11D+K14R+V31I+V32I+M50L+L101I+T124N+S195T+I203M+I220L+Y227F
96USSN20,,MG805953,CRF02_AG,NA,NA,NA,K14R+V31I+L101I+T112V+T124A+T125A+G134N+I135V+K136T+V201I+T206S+L234I+D256E+R269K+S283G
Strain 14514,,KT988124,B,NA,NA,NA,K7R+S17N+M50I+I72V+K111Q+T112V+T124A+T125V+I220L+Y227F+D256E
Strain 10387,,KX714013,B,NA,NA,NA,V31I+L45Q+I72V+K111E+I113V+T125A+M154I+V201I+D207N+L234I
Strain 10249,,KX714014,B,NA,NA,NA,V31I+L45Q+I72V+L101I+K111E+I113V+D207N+L234I
Strain 14624,,KX714018,B,NA,NA,NA,S17N+A23V+L28I+S39C+L101I+T124A+K244KR
Strain 14637,,KT988125,B,NA,NA,NA,E11D+R20K+V31I+S39N+M50I+S119T+T124N+G193E+V201I+D286N
Strain 14947,,KT988126,B,NA,NA,NA,E11D+R20K+V31I+S39N+M50I+I72V+S119T+T124N+G193E+V201I+T218TS+D286N
Strain 4742,,MG805951,C,NA,NA,NA,V31I+S39C+I84M+Q95P+F100Y+L101I+T112V+T124N+T125A+D167E+V201I+I203M+K215N+T218L+L234I+D278A+S283G+R284G
Strain 10947,,MG805955,C,NA,NA,NA,D6E+E10D+D25E+V31I+L45Q+M50I+P90S+T93S+F100Y+L101I+G106A+T112V+T124A+T125A+K136Q+V201I+T218I+L234I+R269K+D278A+S283G+D288N
Strain 6343,,MG805950,CRF01_AE,NA,NA,NA,K14R+A21T+V31I+S39N+I72V+T112V+T124A+T125A+G134N+I135V+K136R+D167E+V201I+L234I+S283G
Strain 14515,,MG805952,CRF01_AE,NA,NA,NA,E11D+R20K+A21T+V31I+L101I+T112V+T124A+T125A+G134N+K136Q+D167E+V201I+L234I+V249I+S283G
Strain 14637,,MW484894,B,NA,E35D+N37D+L63P+I64M+A71T+V77I+I93L,A98S+K102R+D123E+S162A+D177E+Q207A+R211K+F214L+A272P+K277R+T286A+I293V+E297Q+I326V+Q334DE+K390R+A400T,NA
Strain 14969,,MW484895,B,NA,T12S+M36V+N37S+K45R+R57K+I62V+L63P+A71V+I72V+I93L,T39TA+I135T+K173E+R211Q+V245VI+A272P+T286A+K311R+Q334D+I341F+A355S+R356RK+T369A+I375L+A376T+K390R+A400T,NA
Strain 5326,,MW484893,B,NA,E35D+M36I+R41K+L63P+H69Q,I135T+Q174LR+D177E+G196GE+T200IV+F214L+V245EK+A272P+K275R+K277R+Q278H+T286A+I293V,NA
Strain 4742,,AF492618,C,NA,NA,T39E+S48T+T69TP+A98S+K122E+D123S+E138A+T139A,NA
Strain 6343,,DQ380549,CRF01_AE,NA,K14E+G16GA+M36I+E65K+H69K+L89M+T91V+I93L,V35I+T107S+K122E+D123S+S162C+K173R+Q174K+D177E+V179I+Q207A+R211N+V245E+T286A+E291D+V292I+I293V+E312T+I326V+I329V+G335D+M357K+G359S+K366R+A371V+T386TI+K390R+A400T,NA
96USSN20,,MW484892,CRF02_AG,NA,I13V+G16E+K20I+E35D+M36I+R41K+H69K+K70KR+L89M,V35T+E36ED+V60I+D67DN+T69D+K70R+I135V+S162A+K173T+Q174K+D177E+I178M+G196E+T200A+Q207E+V245T+D250E+T286A+V292I+I293V+S322T+G335D+R356K+M357K+G359S+K366R+T369A+A371V+I375A+K390R+I393IV+K395R,NA
2007CNGX-HK,,KF312642,CRF08_BC,L6P+A14P+I15L+S41T+E71D+W80W*+I91V+Q112QR+W133W*+R154K+Y169F+S178T+E180D+E187D+K203R+P207S+A208G+E213EK+G225S,T12S+I15V+L19I+M36V+R41K+D60E+L63P+H69K+L89M+I93L,V35T+E36A+T39D+S48T+E53D+V60I+K64R+T69S+I135V+T139A+S162C+Q207EG+R211K+V245Q+A272P+K277R+T286A+E291D+V292I+I293V+V317A+D324E+G335D+R356K+G359T+T377M+T386I+K390R+A400T+E404D+Y405W+E432D+V435A+A437V+L452I+Q464K+V466I+H483Y+L484I+L491S+S519N+K530R+A534S+A554N,V31I+K42Q+L101I+T112V+T124A+T125A+K136Q+I161L+K211R+T218I+L234I+R269K+D278A+S283G+E287EG
RTMC,,,B,L6I+L83V,I3V+N37S,67N+70R+122E+214L+215F+219Q+272P+277R+376T+400T+460N+468T+483Y+512Q+519N,E10D+I72V+S123G+T124A+K127R+D232N