isolate_name,gene,position,amino_acid
BRU,PR,37,S
BRU,RT,122,E
BRU,RT,214,L
BRU,RT,272,P
BRU,RT,277,R
BRU,RT,357,T
BRU,RT,376,T
BRU,RT,400,T
BRU,RT,447,S
BRU,RT,460,N
BRU,RT,468,T
BRU,RT,519,N
BRU,IN,10,D
BRU,IN,72,V
BRU,CA,6,I
BRU,CA,83,V
A018A,RT,83,K
A018A,RT,178,L
A018A,RT,211,K
A018A,RT,272,P
A018A,RT,277,R
HXB2,PR,3,V
HXB2,PR,37,S
HXB2,RT,122,E
HXB2,RT,214,L
HXB2,RT,272,P
HXB2,RT,277,R
HXB2,RT,376,T
HXB2,RT,400,T
HXB2,RT,460,N
HXB2,RT,468,T
HXB2,RT,483,Y
HXB2,RT,512,Q
HXB2,RT,519,N
HXB2,IN,10,D
HXB2,IN,72,V
HXB2,IN,123,G
HXB2,IN,124,A
HXB2,IN,127,R
HXB2,IN,232,N
HXB2,CA,6,I
HXB2,CA,83,V
GB8,PR,10,I
GB8,PR,35,D
GB8,PR,57,K
GB8,PR,64,V
GB8,PR,93,L
GB8,RT,98,S
GB8,RT,123,E
GB8,RT,177,E
GB8,RT,215,S
GB8,RT,272,P
GB8,RT,277,R
GB8,RT,286,A
GB8,RT,294,T
GB8,RT,326,V
GB8,RT,334,L
GB8,RT,356,K
GB8,RT,403,M
GB8,RT,435,I
GB8,RT,468,P
GB8,RT,512,R
GB8,RT,517,V
GB8,RT,554,S
GB8,RT,559,I
GB8,IN,11,D
GB8,IN,24,N
GB8,IN,96,D
GB8,IN,101,I
GB8,IN,119,R
GB8,CA,44,A
GB8,CA,83,V
GB8,CA,91,V
GB8,CA,148,V
GB8,CA,180,D
pNL4-3,RT,102,Q
pNL4-3,RT,162,C
pNL4-3,RT,277,R
pNL4-3,RT,293,V
pNL4-3,RT,358,K
pNL4-3,RT,435,I
pNL4-3,RT,468,P
pNL4-3,IN,72,V
pNL4-3,IN,113,V
pNL4-3,IN,151,I
pNL4-3,IN,234,V
pNL4-3,CA,120,H
pNL4-3,CA,208,G
IIIB,PR,37,S
IIIB,RT,122,E
IIIB,RT,214,L
IIIB,RT,272,P
IIIB,RT,277,R
IIIB,RT,376,T
IIIB,RT,400,T
IIIB,RT,460,N
IIIB,RT,461,K
IIIB,RT,468,P
IIIB,RT,471,N
IIIB,RT,483,Y
IIIB,RT,519,N
IIIB,RT,559,I
IIIB,IN,10,D
IIIB,IN,72,V
IIIB,IN,124,A
IIIB,IN,232,N
IIIB,CA,6,I
IIIB,CA,83,V
RF,PR,10,I
RF,PR,13,V
RF,PR,41,K
RF,RT,123,E
RF,RT,141,R
RF,RT,172,K
RF,RT,177,E
RF,RT,200,I
RF,RT,207,E
RF,RT,211,K
RF,RT,293,V
RF,RT,294,Q
RF,RT,297,K
RF,RT,375,V
RF,RT,435,I
RF,RT,550,R
RF,RT,554,T
RF,IN,10,D
RF,IN,101,I
RF,IN,112,V
RF,IN,157,Q
RF,IN,160,Q
RF,IN,238,H
RF,CA,148,I
RF,CA,180,D
RF,CA,189,F
RF,CA,225,S
RF,CA,230,I
CNGZD,PR,35,D
CNGZD,PR,41,K
CNGZD,PR,43,E
CNGZD,PR,43,K
CNGZD,PR,60,E
CNGZD,PR,63,P
CNGZD,PR,72,T
CNGZD,PR,81,P
CNGZD,PR,81,S
CNGZD,PR,93,L
CNGZD,RT,35,T
CNGZD,RT,36,A
CNGZD,RT,39,D
CNGZD,RT,44,E
CNGZD,RT,44,G
CNGZD,RT,48,T
CNGZD,RT,60,I
CNGZD,RT,121,Y
CNGZD,RT,122,E
CNGZD,RT,179,E
CNGZD,RT,211,G
CNGZD,RT,240,A
CNGZD,RT,240,T
CNGZD,RT,256,D
CNGZD,RT,256,G
CNGZD,RT,272,P
CNGZD,RT,277,R
CNGZD,RT,286,A
CNGZD,RT,291,D
CNGZD,RT,292,I
CNGZD,RT,293,V
CNGZD,RT,300,E
CNGZD,RT,300,G
CNGZD,RT,335,D
CNGZD,RT,356,K
CNGZD,RT,357,R
CNGZD,RT,359,A
CNGZD,RT,376,T
CNGZD,RT,377,M
CNGZD,RT,390,R
CNGZD,RT,400,T
CNGZD,RT,404,D
CNGZD,RT,432,D
CNGZD,RT,437,V
CNGZD,RT,452,I
CNGZD,RT,464,K
CNGZD,RT,471,E
CNGZD,RT,483,C
CNGZD,RT,484,I
CNGZD,RT,491,S
CNGZD,RT,519,N
CNGZD,RT,530,R
CNGZD,RT,534,S
CNGZD,RT,541,E
CNGZD,RT,541,G
CNGZD,RT,543,E
CNGZD,RT,543,G
CNGZD,RT,549,D
CNGZD,RT,549,N
CNGZD,RT,554,S
CNGZD,IN,6,N
CNGZD,IN,10,E
CNGZD,IN,10,K
CNGZD,IN,13,E
CNGZD,IN,13,K
CNGZD,IN,31,I
CNGZD,IN,42,Q
CNGZD,IN,50,I
CNGZD,IN,84,M
CNGZD,IN,101,I
CNGZD,IN,112,V
CNGZD,IN,125,A
CNGZD,IN,136,Q
CNGZD,IN,152,E
CNGZD,IN,152,K
CNGZD,IN,169,A
CNGZD,IN,169,T
CNGZD,IN,201,I
CNGZD,IN,234,S
CNGZD,IN,269,K
CNGZD,IN,278,A
CNGZD,IN,283,G
CNGZD,CA,6,I
CNGZD,CA,14,P
CNGZD,CA,68,I
CNGZD,CA,71,D
CNGZD,CA,77,A
CNGZD,CA,77,T
CNGZD,CA,106,G
CNGZD,CA,106,R
CNGZD,CA,116,A
CNGZD,CA,120,G
CNGZD,CA,124,V
CNGZD,CA,128,D
CNGZD,CA,129,I
CNGZD,CA,129,V
CNGZD,CA,154,K
CNGZD,CA,169,F
CNGZD,CA,178,T
CNGZD,CA,180,D
CNGZD,CA,187,D
CNGZD,CA,203,R
CNGZD,CA,208,G
CNGZD,CA,210,S
CNGZD,CA,211,I
CNGZD,CA,225,S
R8,PR,10,V
R8,PR,15,V
R8,PR,36,I
R8,PR,41,K
R8,PR,62,V
R8,PR,63,P
R8,PR,67,S
R8,RT,31,L
R8,RT,32,N
R8,RT,35,I
R8,RT,39,A
R8,RT,60,I
R8,RT,90,I
R8,RT,98,S
R8,RT,102,Q
R8,RT,135,V
R8,RT,139,K
R8,RT,141,A
R8,RT,178,M
R8,RT,196,E
R8,RT,245,K
R8,RT,272,P
R8,RT,277,R
R8,RT,293,V
R8,RT,294,S
R8,RT,297,R
R8,RT,357,T
R8,RT,379,G
R8,RT,386,I
R8,RT,400,T
R8,RT,452,I
R8,RT,468,P
R8,RT,512,Q
R8,RT,517,I
R8,RT,554,S
R8,IN,17,N
R8,IN,27,D
R8,IN,72,V
R8,IN,101,I
R8,IN,119,P
R8,IN,122,I
R8,IN,124,N
R8,IN,201,I
R8,IN,203,M
R8,IN,206,S
R8,IN,212,A
R8,IN,256,E
R8,IN,265,V
R8,CA,87,Q
R8,CA,91,V
R8,CA,96,I
R8,CA,116,A
R8,CA,120,H
R8,CA,148,V
R8,CA,180,D
R8,CA,216,S
92RW026,RT,35,T
92RW026,RT,39,S
92RW026,RT,49,R
92RW026,RT,60,I
92RW026,RT,122,E
92RW026,RT,123,S
92RW026,RT,135,T
92RW026,RT,142,T
92RW026,RT,166,R
92RW026,RT,171,V
92RW026,RT,173,S
92RW026,RT,174,K
92RW026,RT,179,I
92RW026,RT,200,A
92RW026,RT,207,A
92RW026,RT,211,S
92RW026,RT,248,D
92RW026,RT,251,H
92RW026,RT,272,P
92RW026,RT,286,A
92RW026,RT,291,D
92RW026,RT,292,I
92RW026,RT,293,V
92RW026,RT,294,T
92RW026,RT,335,D
92RW026,RT,357,K
92RW026,RT,359,S
92RW026,RT,369,A
92RW026,RT,371,V
92RW026,RT,375,V
92RW026,RT,376,T
92RW026,RT,377,M
92RW026,RT,400,T
92RW026,RT,403,M
92RW026,RT,404,D
92RW026,RT,432,D
93MW959,RT,35,T
93MW959,RT,36,A
93MW959,RT,39,E
93MW959,RT,48,T
93MW959,RT,60,I
93MW959,RT,122,E
93MW959,RT,123,G
93MW959,RT,173,A
93MW959,RT,177,E
93MW959,RT,200,A
93MW959,RT,207,E
93MW959,RT,245,Q
93MW959,RT,272,P
93MW959,RT,277,R
93MW959,RT,286,A
93MW959,RT,291,D
93MW959,RT,292,I
93MW959,RT,293,V
93MW959,RT,334,H
93MW959,RT,335,D
93MW959,RT,356,K
93MW959,RT,359,T
93MW959,RT,377,M
93MW959,RT,390,R
93MW959,RT,400,T
93MW959,RT,404,D
Strain 5326,IN,7,R
Strain 5326,IN,11,D
Strain 5326,IN,14,R
Strain 5326,IN,31,I
Strain 5326,IN,32,I
Strain 5326,IN,50,L
Strain 5326,IN,101,I
Strain 5326,IN,124,N
Strain 5326,IN,195,T
Strain 5326,IN,203,M
Strain 5326,IN,220,L
Strain 5326,IN,227,F
96USSN20,IN,14,R
96USSN20,IN,31,I
96USSN20,IN,101,I
96USSN20,IN,112,V
96USSN20,IN,124,A
96USSN20,IN,125,A
96USSN20,IN,134,N
96USSN20,IN,135,V
96USSN20,IN,136,T
96USSN20,IN,201,I
96USSN20,IN,206,S
96USSN20,IN,234,I
96USSN20,IN,256,E
96USSN20,IN,269,K
96USSN20,IN,283,G
Strain 14514,IN,7,R
Strain 14514,IN,17,N
Strain 14514,IN,50,I
Strain 14514,IN,72,V
Strain 14514,IN,111,Q
Strain 14514,IN,112,V
Strain 14514,IN,124,A
Strain 14514,IN,125,V
Strain 14514,IN,220,L
Strain 14514,IN,227,F
Strain 14514,IN,256,E
Strain 10387,IN,31,I
Strain 10387,IN,45,Q
Strain 10387,IN,72,V
Strain 10387,IN,111,E
Strain 10387,IN,113,V
Strain 10387,IN,125,A
Strain 10387,IN,154,I
Strain 10387,IN,201,I
Strain 10387,IN,207,N
Strain 10387,IN,234,I
Strain 10249,IN,31,I
Strain 10249,IN,45,Q
Strain 10249,IN,72,V
Strain 10249,IN,101,I
Strain 10249,IN,111,E
Strain 10249,IN,113,V
Strain 10249,IN,207,N
Strain 10249,IN,234,I
Strain 14624,IN,17,N
Strain 14624,IN,23,V
Strain 14624,IN,28,I
Strain 14624,IN,39,C
Strain 14624,IN,101,I
Strain 14624,IN,124,A
Strain 14624,IN,244,K
Strain 14624,IN,244,R
Strain 14637,IN,11,D
Strain 14637,IN,20,K
Strain 14637,IN,31,I
Strain 14637,IN,39,N
Strain 14637,IN,50,I
Strain 14637,IN,119,T
Strain 14637,IN,124,N
Strain 14637,IN,193,E
Strain 14637,IN,201,I
Strain 14637,IN,286,N
Strain 14947,IN,11,D
Strain 14947,IN,20,K
Strain 14947,IN,31,I
Strain 14947,IN,39,N
Strain 14947,IN,50,I
Strain 14947,IN,72,V
Strain 14947,IN,119,T
Strain 14947,IN,124,N
Strain 14947,IN,193,E
Strain 14947,IN,201,I
Strain 14947,IN,218,S
Strain 14947,IN,218,T
Strain 14947,IN,286,N
Strain 4742,IN,31,I
Strain 4742,IN,39,C
Strain 4742,IN,84,M
Strain 4742,IN,95,P
Strain 4742,IN,100,Y
Strain 4742,IN,101,I
Strain 4742,IN,112,V
Strain 4742,IN,124,N
Strain 4742,IN,125,A
Strain 4742,IN,167,E
Strain 4742,IN,201,I
Strain 4742,IN,203,M
Strain 4742,IN,215,N
Strain 4742,IN,218,L
Strain 4742,IN,234,I
Strain 4742,IN,278,A
Strain 4742,IN,283,G
Strain 4742,IN,284,G
Strain 10947,IN,6,E
Strain 10947,IN,10,D
Strain 10947,IN,25,E
Strain 10947,IN,31,I
Strain 10947,IN,45,Q
Strain 10947,IN,50,I
Strain 10947,IN,90,S
Strain 10947,IN,93,S
Strain 10947,IN,100,Y
Strain 10947,IN,101,I
Strain 10947,IN,106,A
Strain 10947,IN,112,V
Strain 10947,IN,124,A
Strain 10947,IN,125,A
Strain 10947,IN,136,Q
Strain 10947,IN,201,I
Strain 10947,IN,218,I
Strain 10947,IN,234,I
Strain 10947,IN,269,K
Strain 10947,IN,278,A
Strain 10947,IN,283,G
Strain 10947,IN,288,N
Strain 6343,IN,14,R
Strain 6343,IN,21,T
Strain 6343,IN,31,I
Strain 6343,IN,39,N
Strain 6343,IN,72,V
Strain 6343,IN,112,V
Strain 6343,IN,124,A
Strain 6343,IN,125,A
Strain 6343,IN,134,N
Strain 6343,IN,135,V
Strain 6343,IN,136,R
Strain 6343,IN,167,E
Strain 6343,IN,201,I
Strain 6343,IN,234,I
Strain 6343,IN,283,G
Strain 14515,IN,11,D
Strain 14515,IN,20,K
Strain 14515,IN,21,T
Strain 14515,IN,31,I
Strain 14515,IN,101,I
Strain 14515,IN,112,V
Strain 14515,IN,124,A
Strain 14515,IN,125,A
Strain 14515,IN,134,N
Strain 14515,IN,136,Q
Strain 14515,IN,167,E
Strain 14515,IN,201,I
Strain 14515,IN,234,I
Strain 14515,IN,249,I
Strain 14515,IN,283,G
Strain 14637,PR,35,D
Strain 14637,PR,37,D
Strain 14637,PR,63,P
Strain 14637,PR,64,M
Strain 14637,PR,71,T
Strain 14637,PR,77,I
Strain 14637,PR,93,L
Strain 14637,RT,98,S
Strain 14637,RT,102,R
Strain 14637,RT,123,E
Strain 14637,RT,162,A
Strain 14637,RT,177,E
Strain 14637,RT,207,A
Strain 14637,RT,211,K
Strain 14637,RT,214,L
Strain 14637,RT,272,P
Strain 14637,RT,277,R
Strain 14637,RT,286,A
Strain 14637,RT,293,V
Strain 14637,RT,297,Q
Strain 14637,RT,326,V
Strain 14637,RT,334,D
Strain 14637,RT,334,E
Strain 14637,RT,390,R
Strain 14637,RT,400,T
Strain 14969,PR,12,S
Strain 14969,PR,36,V
Strain 14969,PR,37,S
Strain 14969,PR,45,R
Strain 14969,PR,57,K
Strain 14969,PR,62,V
Strain 14969,PR,63,P
Strain 14969,PR,71,V
Strain 14969,PR,72,V
Strain 14969,PR,93,L
Strain 14969,RT,39,A
Strain 14969,RT,39,T
Strain 14969,RT,135,T
Strain 14969,RT,173,E
Strain 14969,RT,211,Q
Strain 14969,RT,245,I
Strain 14969,RT,245,V
Strain 14969,RT,272,P
Strain 14969,RT,286,A
Strain 14969,RT,311,R
Strain 14969,RT,334,D
Strain 14969,RT,341,F
Strain 14969,RT,355,S
Strain 14969,RT,356,K
Strain 14969,RT,356,R
Strain 14969,RT,369,A
Strain 14969,RT,375,L
Strain 14969,RT,376,T
Strain 14969,RT,390,R
Strain 14969,RT,400,T
Strain 5326,PR,35,D
Strain 5326,PR,36,I
Strain 5326,PR,41,K
Strain 5326,PR,63,P
Strain 5326,PR,69,Q
Strain 5326,RT,135,T
Strain 5326,RT,174,L
Strain 5326,RT,174,R
Strain 5326,RT,177,E
Strain 5326,RT,196,E
Strain 5326,RT,196,G
Strain 5326,RT,200,I
Strain 5326,RT,200,V
Strain 5326,RT,214,L
Strain 5326,RT,245,E
Strain 5326,RT,245,K
Strain 5326,RT,272,P
Strain 5326,RT,275,R
Strain 5326,RT,277,R
Strain 5326,RT,278,H
Strain 5326,RT,286,A
Strain 5326,RT,293,V
Strain 4742,RT,39,E
Strain 4742,RT,48,T
Strain 4742,RT,69,P
Strain 4742,RT,69,T
Strain 4742,RT,98,S
Strain 4742,RT,122,E
Strain 4742,RT,123,S
Strain 4742,RT,138,A
Strain 4742,RT,139,A
Strain 6343,PR,14,E
Strain 6343,PR,16,A
Strain 6343,PR,16,G
Strain 6343,PR,36,I
Strain 6343,PR,65,K
Strain 6343,PR,69,K
Strain 6343,PR,89,M
Strain 6343,PR,91,V
Strain 6343,PR,93,L
Strain 6343,RT,35,I
Strain 6343,RT,107,S
Strain 6343,RT,122,E
Strain 6343,RT,123,S
Strain 6343,RT,162,C
Strain 6343,RT,173,R
Strain 6343,RT,174,K
Strain 6343,RT,177,E
Strain 6343,RT,179,I
Strain 6343,RT,207,A
Strain 6343,RT,211,N
Strain 6343,RT,245,E
Strain 6343,RT,286,A
Strain 6343,RT,291,D
Strain 6343,RT,292,I
Strain 6343,RT,293,V
Strain 6343,RT,312,T
Strain 6343,RT,326,V
Strain 6343,RT,329,V
Strain 6343,RT,335,D
Strain 6343,RT,357,K
Strain 6343,RT,359,S
Strain 6343,RT,366,R
Strain 6343,RT,371,V
Strain 6343,RT,386,I
Strain 6343,RT,386,T
Strain 6343,RT,390,R
Strain 6343,RT,400,T
96USSN20,PR,13,V
96USSN20,PR,16,E
96USSN20,PR,20,I
96USSN20,PR,35,D
96USSN20,PR,36,I
96USSN20,PR,41,K
96USSN20,PR,69,K
96USSN20,PR,70,K
96USSN20,PR,70,R
96USSN20,PR,89,M
96USSN20,RT,35,T
96USSN20,RT,36,D
96USSN20,RT,36,E
96USSN20,RT,60,I
96USSN20,RT,67,D
96USSN20,RT,67,N
96USSN20,RT,69,D
96USSN20,RT,70,R
96USSN20,RT,135,V
96USSN20,RT,162,A
96USSN20,RT,173,T
96USSN20,RT,174,K
96USSN20,RT,177,E
96USSN20,RT,178,M
96USSN20,RT,196,E
96USSN20,RT,200,A
96USSN20,RT,207,E
96USSN20,RT,245,T
96USSN20,RT,250,E
96USSN20,RT,286,A
96USSN20,RT,292,I
96USSN20,RT,293,V
96USSN20,RT,322,T
96USSN20,RT,335,D
96USSN20,RT,356,K
96USSN20,RT,357,K
96USSN20,RT,359,S
96USSN20,RT,366,R
96USSN20,RT,369,A
96USSN20,RT,371,V
96USSN20,RT,375,A
96USSN20,RT,390,R
96USSN20,RT,393,I
96USSN20,RT,393,V
96USSN20,RT,395,R
2007CNGX-HK,PR,12,S
2007CNGX-HK,PR,15,V
2007CNGX-HK,PR,19,I
2007CNGX-HK,PR,36,V
2007CNGX-HK,PR,41,K
2007CNGX-HK,PR,60,E
2007CNGX-HK,PR,63,P
2007CNGX-HK,PR,69,K
2007CNGX-HK,PR,89,M
2007CNGX-HK,PR,93,L
2007CNGX-HK,RT,35,T
2007CNGX-HK,RT,36,A
2007CNGX-HK,RT,39,D
2007CNGX-HK,RT,48,T
2007CNGX-HK,RT,53,D
2007CNGX-HK,RT,60,I
2007CNGX-HK,RT,64,R
2007CNGX-HK,RT,69,S
2007CNGX-HK,RT,135,V
2007CNGX-HK,RT,139,A
2007CNGX-HK,RT,162,C
2007CNGX-HK,RT,207,E
2007CNGX-HK,RT,207,G
2007CNGX-HK,RT,211,K
2007CNGX-HK,RT,245,Q
2007CNGX-HK,RT,272,P
2007CNGX-HK,RT,277,R
2007CNGX-HK,RT,286,A
2007CNGX-HK,RT,291,D
2007CNGX-HK,RT,292,I
2007CNGX-HK,RT,293,V
2007CNGX-HK,RT,317,A
2007CNGX-HK,RT,324,E
2007CNGX-HK,RT,335,D
2007CNGX-HK,RT,356,K
2007CNGX-HK,RT,359,T
2007CNGX-HK,RT,377,M
2007CNGX-HK,RT,386,I
2007CNGX-HK,RT,390,R
2007CNGX-HK,RT,400,T
2007CNGX-HK,RT,404,D
2007CNGX-HK,RT,405,W
2007CNGX-HK,RT,432,D
2007CNGX-HK,RT,435,A
2007CNGX-HK,RT,437,V
2007CNGX-HK,RT,452,I
2007CNGX-HK,RT,464,K
2007CNGX-HK,RT,466,I
2007CNGX-HK,RT,483,Y
2007CNGX-HK,RT,484,I
2007CNGX-HK,RT,491,S
2007CNGX-HK,RT,519,N
2007CNGX-HK,RT,530,R
2007CNGX-HK,RT,534,S
2007CNGX-HK,RT,554,N
2007CNGX-HK,IN,31,I
2007CNGX-HK,IN,42,Q
2007CNGX-HK,IN,101,I
2007CNGX-HK,IN,112,V
2007CNGX-HK,IN,124,A
2007CNGX-HK,IN,125,A
2007CNGX-HK,IN,136,Q
2007CNGX-HK,IN,161,L
2007CNGX-HK,IN,211,R
2007CNGX-HK,IN,218,I
2007CNGX-HK,IN,234,I
2007CNGX-HK,IN,269,K
2007CNGX-HK,IN,278,A
2007CNGX-HK,IN,283,G
2007CNGX-HK,IN,287,E
2007CNGX-HK,IN,287,G
2007CNGX-HK,CA,6,P
2007CNGX-HK,CA,14,P
2007CNGX-HK,CA,15,L
2007CNGX-HK,CA,41,T
2007CNGX-HK,CA,71,D
2007CNGX-HK,CA,80,stop
2007CNGX-HK,CA,80,W
2007CNGX-HK,CA,91,V
2007CNGX-HK,CA,112,Q
2007CNGX-HK,CA,112,R
2007CNGX-HK,CA,133,stop
2007CNGX-HK,CA,133,W
2007CNGX-HK,CA,154,K
2007CNGX-HK,CA,169,F
2007CNGX-HK,CA,178,T
2007CNGX-HK,CA,180,D
2007CNGX-HK,CA,187,D
2007CNGX-HK,CA,203,R
2007CNGX-HK,CA,207,S
2007CNGX-HK,CA,208,G
2007CNGX-HK,CA,213,E
2007CNGX-HK,CA,213,K
2007CNGX-HK,CA,225,S
