gene,position,amino_acid
CA,1,P
CA,2,I
CA,3,V
CA,4,Q
CA,5,N
CA,6,L
CA,7,Q
CA,8,G
CA,9,Q
CA,10,M
CA,11,V
CA,12,H
CA,13,Q
CA,14,A
CA,15,I
CA,16,S
CA,17,P
CA,18,R
CA,19,T
CA,20,L
CA,21,N
CA,22,A
CA,23,W
CA,24,V
CA,25,K
CA,26,V
CA,27,V
CA,28,E
CA,29,E
CA,30,K
CA,31,A
CA,32,F
CA,33,S
CA,34,P
CA,35,E
CA,36,V
CA,37,I
CA,38,P
CA,39,M
CA,40,F
CA,41,S
CA,42,A
CA,43,L
CA,44,S
CA,45,E
CA,46,G
CA,47,A
CA,48,T
CA,49,P
CA,50,Q
CA,51,D
CA,52,L
CA,53,N
CA,54,T
CA,55,M
CA,56,L
CA,57,N
CA,58,T
CA,59,V
CA,60,G
CA,61,G
CA,62,H
CA,63,Q
CA,64,A
CA,65,A
CA,66,M
CA,67,Q
CA,68,M
CA,69,L
CA,70,K
CA,71,E
CA,72,T
CA,73,I
CA,74,N
CA,75,E
CA,76,E
CA,77,A
CA,78,A
CA,79,E
CA,80,W
CA,81,D
CA,82,R
CA,83,L
CA,84,H
CA,85,P
CA,86,V
CA,87,H
CA,88,A
CA,89,G
CA,90,P
CA,91,I
CA,92,A
CA,93,P
CA,94,G
CA,95,Q
CA,96,M
CA,97,R
CA,98,E
CA,99,P
CA,100,R
CA,101,G
CA,102,S
CA,103,D
CA,104,I
CA,105,A
CA,106,G
CA,107,T
CA,108,T
CA,109,S
CA,110,T
CA,111,L
CA,112,Q
CA,113,E
CA,114,Q
CA,115,I
CA,116,G
CA,117,W
CA,118,M
CA,119,T
CA,120,N
CA,121,N
CA,122,P
CA,123,P
CA,124,I
CA,125,P
CA,126,V
CA,127,G
CA,128,E
CA,129,I
CA,130,Y
CA,131,K
CA,132,R
CA,133,W
CA,134,I
CA,135,I
CA,136,L
CA,137,G
CA,138,L
CA,139,N
CA,140,K
CA,141,I
CA,142,V
CA,143,R
CA,144,M
CA,145,Y
CA,146,S
CA,147,P
CA,148,T
CA,149,S
CA,150,I
CA,151,L
CA,152,D
CA,153,I
CA,154,R
CA,155,Q
CA,156,G
CA,157,P
CA,158,K
CA,159,E
CA,160,P
CA,161,F
CA,162,R
CA,163,D
CA,164,Y
CA,165,V
CA,166,D
CA,167,R
CA,168,F
CA,169,Y
CA,170,K
CA,171,T
CA,172,L
CA,173,R
CA,174,A
CA,175,E
CA,176,Q
CA,177,A
CA,178,S
CA,179,Q
CA,180,E
CA,181,V
CA,182,K
CA,183,N
CA,184,W
CA,185,M
CA,186,T
CA,187,E
CA,188,T
CA,189,L
CA,190,L
CA,191,V
CA,192,Q
CA,193,N
CA,194,A
CA,195,N
CA,196,P
CA,197,D
CA,198,C
CA,199,K
CA,200,T
CA,201,I
CA,202,L
CA,203,K
CA,204,A
CA,205,L
CA,206,G
CA,207,P
CA,208,A
CA,209,A
CA,210,T
CA,211,L
CA,212,E
CA,213,E
CA,214,M
CA,215,M
CA,216,T
CA,217,A
CA,218,C
CA,219,Q
CA,220,G
CA,221,V
CA,222,G
CA,223,G
CA,224,P
CA,225,G
CA,226,H
CA,227,K
CA,228,A
CA,229,R
CA,230,V
CA,231,L
PR,1,P
PR,2,Q
PR,3,I
PR,4,T
PR,5,L
PR,6,W
PR,7,Q
PR,8,R
PR,9,P
PR,10,L
PR,11,V
PR,12,T
PR,13,I
PR,14,K
PR,15,I
PR,16,G
PR,17,G
PR,18,Q
PR,19,L
PR,20,K
PR,21,E
PR,22,A
PR,23,L
PR,24,L
PR,25,D
PR,26,T
PR,27,G
PR,28,A
PR,29,D
PR,30,D
PR,31,T
PR,32,V
PR,33,L
PR,34,E
PR,35,E
PR,36,M
PR,37,N
PR,38,L
PR,39,P
PR,40,G
PR,41,R
PR,42,W
PR,43,K
PR,44,P
PR,45,K
PR,46,M
PR,47,I
PR,48,G
PR,49,G
PR,50,I
PR,51,G
PR,52,G
PR,53,F
PR,54,I
PR,55,K
PR,56,V
PR,57,R
PR,58,Q
PR,59,Y
PR,60,D
PR,61,Q
PR,62,I
PR,63,L
PR,64,I
PR,65,E
PR,66,I
PR,67,C
PR,68,G
PR,69,H
PR,70,K
PR,71,A
PR,72,I
PR,73,G
PR,74,T
PR,75,V
PR,76,L
PR,77,V
PR,78,G
PR,79,P
PR,80,T
PR,81,P
PR,82,V
PR,83,N
PR,84,I
PR,85,I
PR,86,G
PR,87,R
PR,88,N
PR,89,L
PR,90,L
PR,91,T
PR,92,Q
PR,93,I
PR,94,G
PR,95,C
PR,96,T
PR,97,L
PR,98,N
PR,99,F
RT,1,P
RT,2,I
RT,3,S
RT,4,P
RT,5,I
RT,6,E
RT,7,T
RT,8,V
RT,9,P
RT,10,V
RT,11,K
RT,12,L
RT,13,K
RT,14,P
RT,15,G
RT,16,M
RT,17,D
RT,18,G
RT,19,P
RT,20,K
RT,21,V
RT,22,K
RT,23,Q
RT,24,W
RT,25,P
RT,26,L
RT,27,T
RT,28,E
RT,29,E
RT,30,K
RT,31,I
RT,32,K
RT,33,A
RT,34,L
RT,35,V
RT,36,E
RT,37,I
RT,38,C
RT,39,T
RT,40,E
RT,41,M
RT,42,E
RT,43,K
RT,44,E
RT,45,G
RT,46,K
RT,47,I
RT,48,S
RT,49,K
RT,50,I
RT,51,G
RT,52,P
RT,53,E
RT,54,N
RT,55,P
RT,56,Y
RT,57,N
RT,58,T
RT,59,P
RT,60,V
RT,61,F
RT,62,A
RT,63,I
RT,64,K
RT,65,K
RT,66,K
RT,67,D
RT,68,S
RT,69,T
RT,70,K
RT,71,W
RT,72,R
RT,73,K
RT,74,L
RT,75,V
RT,76,D
RT,77,F
RT,78,R
RT,79,E
RT,80,L
RT,81,N
RT,82,K
RT,83,R
RT,84,T
RT,85,Q
RT,86,D
RT,87,F
RT,88,W
RT,89,E
RT,90,V
RT,91,Q
RT,92,L
RT,93,G
RT,94,I
RT,95,P
RT,96,H
RT,97,P
RT,98,A
RT,99,G
RT,100,L
RT,101,K
RT,102,K
RT,103,K
RT,104,K
RT,105,S
RT,106,V
RT,107,T
RT,108,V
RT,109,L
RT,110,D
RT,111,V
RT,112,G
RT,113,D
RT,114,A
RT,115,Y
RT,116,F
RT,117,S
RT,118,V
RT,119,P
RT,120,L
RT,121,D
RT,122,K
RT,123,D
RT,124,F
RT,125,R
RT,126,K
RT,127,Y
RT,128,T
RT,129,A
RT,130,F
RT,131,T
RT,132,I
RT,133,P
RT,134,S
RT,135,I
RT,136,N
RT,137,N
RT,138,E
RT,139,T
RT,140,P
RT,141,G
RT,142,I
RT,143,R
RT,144,Y
RT,145,Q
RT,146,Y
RT,147,N
RT,148,V
RT,149,L
RT,150,P
RT,151,Q
RT,152,G
RT,153,W
RT,154,K
RT,155,G
RT,156,S
RT,157,P
RT,158,A
RT,159,I
RT,160,F
RT,161,Q
RT,162,S
RT,163,S
RT,164,M
RT,165,T
RT,166,K
RT,167,I
RT,168,L
RT,169,E
RT,170,P
RT,171,F
RT,172,R
RT,173,K
RT,174,Q
RT,175,N
RT,176,P
RT,177,D
RT,178,I
RT,179,V
RT,180,I
RT,181,Y
RT,182,Q
RT,183,Y
RT,184,M
RT,185,D
RT,186,D
RT,187,L
RT,188,Y
RT,189,V
RT,190,G
RT,191,S
RT,192,D
RT,193,L
RT,194,E
RT,195,I
RT,196,G
RT,197,Q
RT,198,H
RT,199,R
RT,200,T
RT,201,K
RT,202,I
RT,203,E
RT,204,E
RT,205,L
RT,206,R
RT,207,Q
RT,208,H
RT,209,L
RT,210,L
RT,211,R
RT,212,W
RT,213,G
RT,214,F
RT,215,T
RT,216,T
RT,217,P
RT,218,D
RT,219,K
RT,220,K
RT,221,H
RT,222,Q
RT,223,K
RT,224,E
RT,225,P
RT,226,P
RT,227,F
RT,228,L
RT,229,W
RT,230,M
RT,231,G
RT,232,Y
RT,233,E
RT,234,L
RT,235,H
RT,236,P
RT,237,D
RT,238,K
RT,239,W
RT,240,T
RT,241,V
RT,242,Q
RT,243,P
RT,244,I
RT,245,V
RT,246,L
RT,247,P
RT,248,E
RT,249,K
RT,250,D
RT,251,S
RT,252,W
RT,253,T
RT,254,V
RT,255,N
RT,256,D
RT,257,I
RT,258,Q
RT,259,K
RT,260,L
RT,261,V
RT,262,G
RT,263,K
RT,264,L
RT,265,N
RT,266,W
RT,267,A
RT,268,S
RT,269,Q
RT,270,I
RT,271,Y
RT,272,A
RT,273,G
RT,274,I
RT,275,K
RT,276,V
RT,277,K
RT,278,Q
RT,279,L
RT,280,C
RT,281,K
RT,282,L
RT,283,L
RT,284,R
RT,285,G
RT,286,T
RT,287,K
RT,288,A
RT,289,L
RT,290,T
RT,291,E
RT,292,V
RT,293,I
RT,294,P
RT,295,L
RT,296,T
RT,297,E
RT,298,E
RT,299,A
RT,300,E
RT,301,L
RT,302,E
RT,303,L
RT,304,A
RT,305,E
RT,306,N
RT,307,R
RT,308,E
RT,309,I
RT,310,L
RT,311,K
RT,312,E
RT,313,P
RT,314,V
RT,315,H
RT,316,G
RT,317,V
RT,318,Y
RT,319,Y
RT,320,D
RT,321,P
RT,322,S
RT,323,K
RT,324,D
RT,325,L
RT,326,I
RT,327,A
RT,328,E
RT,329,I
RT,330,Q
RT,331,K
RT,332,Q
RT,333,G
RT,334,Q
RT,335,G
RT,336,Q
RT,337,W
RT,338,T
RT,339,Y
RT,340,Q
RT,341,I
RT,342,Y
RT,343,Q
RT,344,E
RT,345,P
RT,346,F
RT,347,K
RT,348,N
RT,349,L
RT,350,K
RT,351,T
RT,352,G
RT,353,K
RT,354,Y
RT,355,A
RT,356,R
RT,357,M
RT,358,R
RT,359,G
RT,360,A
RT,361,H
RT,362,T
RT,363,N
RT,364,D
RT,365,V
RT,366,K
RT,367,Q
RT,368,L
RT,369,T
RT,370,E
RT,371,A
RT,372,V
RT,373,Q
RT,374,K
RT,375,I
RT,376,A
RT,377,T
RT,378,E
RT,379,S
RT,380,I
RT,381,V
RT,382,I
RT,383,W
RT,384,G
RT,385,K
RT,386,T
RT,387,P
RT,388,K
RT,389,F
RT,390,K
RT,391,L
RT,392,P
RT,393,I
RT,394,Q
RT,395,K
RT,396,E
RT,397,T
RT,398,W
RT,399,E
RT,400,A
RT,401,W
RT,402,W
RT,403,T
RT,404,E
RT,405,Y
RT,406,W
RT,407,Q
RT,408,A
RT,409,T
RT,410,W
RT,411,I
RT,412,P
RT,413,E
RT,414,W
RT,415,E
RT,416,F
RT,417,V
RT,418,N
RT,419,T
RT,420,P
RT,421,P
RT,422,L
RT,423,V
RT,424,K
RT,425,L
RT,426,W
RT,427,Y
RT,428,Q
RT,429,L
RT,430,E
RT,431,K
RT,432,E
RT,433,P
RT,434,I
RT,435,V
RT,436,G
RT,437,A
RT,438,E
RT,439,T
RT,440,F
RT,441,Y
RT,442,V
RT,443,D
RT,444,G
RT,445,A
RT,446,A
RT,447,N
RT,448,R
RT,449,E
RT,450,T
RT,451,K
RT,452,L
RT,453,G
RT,454,K
RT,455,A
RT,456,G
RT,457,Y
RT,458,V
RT,459,T
RT,460,D
RT,461,R
RT,462,G
RT,463,R
RT,464,Q
RT,465,K
RT,466,V
RT,467,V
RT,468,S
RT,469,L
RT,470,T
RT,471,D
RT,472,T
RT,473,T
RT,474,N
RT,475,Q
RT,476,K
RT,477,T
RT,478,E
RT,479,L
RT,480,Q
RT,481,A
RT,482,I
RT,483,H
RT,484,L
RT,485,A
RT,486,L
RT,487,Q
RT,488,D
RT,489,S
RT,490,G
RT,491,L
RT,492,E
RT,493,V
RT,494,N
RT,495,I
RT,496,V
RT,497,T
RT,498,D
RT,499,S
RT,500,Q
RT,501,Y
RT,502,A
RT,503,L
RT,504,G
RT,505,I
RT,506,I
RT,507,Q
RT,508,A
RT,509,Q
RT,510,P
RT,511,D
RT,512,K
RT,513,S
RT,514,E
RT,515,S
RT,516,E
RT,517,L
RT,518,V
RT,519,S
RT,520,Q
RT,521,I
RT,522,I
RT,523,E
RT,524,Q
RT,525,L
RT,526,I
RT,527,K
RT,528,K
RT,529,E
RT,530,K
RT,531,V
RT,532,Y
RT,533,L
RT,534,A
RT,535,W
RT,536,V
RT,537,P
RT,538,A
RT,539,H
RT,540,K
RT,541,G
RT,542,I
RT,543,G
RT,544,G
RT,545,N
RT,546,E
RT,547,Q
RT,548,V
RT,549,D
RT,550,K
RT,551,L
RT,552,V
RT,553,S
RT,554,A
RT,555,G
RT,556,I
RT,557,R
RT,558,K
RT,559,V
RT,560,L
IN,1,F
IN,2,L
IN,3,D
IN,4,G
IN,5,I
IN,6,D
IN,7,K
IN,8,A
IN,9,Q
IN,10,E
IN,11,E
IN,12,H
IN,13,E
IN,14,K
IN,15,Y
IN,16,H
IN,17,S
IN,18,N
IN,19,W
IN,20,R
IN,21,A
IN,22,M
IN,23,A
IN,24,S
IN,25,D
IN,26,F
IN,27,N
IN,28,L
IN,29,P
IN,30,P
IN,31,V
IN,32,V
IN,33,A
IN,34,K
IN,35,E
IN,36,I
IN,37,V
IN,38,A
IN,39,S
IN,40,C
IN,41,D
IN,42,K
IN,43,C
IN,44,Q
IN,45,L
IN,46,K
IN,47,G
IN,48,E
IN,49,A
IN,50,M
IN,51,H
IN,52,G
IN,53,Q
IN,54,V
IN,55,D
IN,56,C
IN,57,S
IN,58,P
IN,59,G
IN,60,I
IN,61,W
IN,62,Q
IN,63,L
IN,64,D
IN,65,C
IN,66,T
IN,67,H
IN,68,L
IN,69,E
IN,70,G
IN,71,K
IN,72,I
IN,73,I
IN,74,L
IN,75,V
IN,76,A
IN,77,V
IN,78,H
IN,79,V
IN,80,A
IN,81,S
IN,82,G
IN,83,Y
IN,84,I
IN,85,E
IN,86,A
IN,87,E
IN,88,V
IN,89,I
IN,90,P
IN,91,A
IN,92,E
IN,93,T
IN,94,G
IN,95,Q
IN,96,E
IN,97,T
IN,98,A
IN,99,Y
IN,100,F
IN,101,L
IN,102,L
IN,103,K
IN,104,L
IN,105,A
IN,106,G
IN,107,R
IN,108,W
IN,109,P
IN,110,V
IN,111,K
IN,112,T
IN,113,I
IN,114,H
IN,115,T
IN,116,D
IN,117,N
IN,118,G
IN,119,S
IN,120,N
IN,121,F
IN,122,T
IN,123,S
IN,124,T
IN,125,T
IN,126,V
IN,127,K
IN,128,A
IN,129,A
IN,130,C
IN,131,W
IN,132,W
IN,133,A
IN,134,G
IN,135,I
IN,136,K
IN,137,Q
IN,138,E
IN,139,F
IN,140,G
IN,141,I
IN,142,P
IN,143,Y
IN,144,N
IN,145,P
IN,146,Q
IN,147,S
IN,148,Q
IN,149,G
IN,150,V
IN,151,V
IN,152,E
IN,153,S
IN,154,M
IN,155,N
IN,156,K
IN,157,E
IN,158,L
IN,159,K
IN,160,K
IN,161,I
IN,162,I
IN,163,G
IN,164,Q
IN,165,V
IN,166,R
IN,167,D
IN,168,Q
IN,169,A
IN,170,E
IN,171,H
IN,172,L
IN,173,K
IN,174,T
IN,175,A
IN,176,V
IN,177,Q
IN,178,M
IN,179,A
IN,180,V
IN,181,F
IN,182,I
IN,183,H
IN,184,N
IN,185,F
IN,186,K
IN,187,R
IN,188,K
IN,189,G
IN,190,G
IN,191,I
IN,192,G
IN,193,G
IN,194,Y
IN,195,S
IN,196,A
IN,197,G
IN,198,E
IN,199,R
IN,200,I
IN,201,V
IN,202,D
IN,203,I
IN,204,I
IN,205,A
IN,206,T
IN,207,D
IN,208,I
IN,209,Q
IN,210,T
IN,211,K
IN,212,E
IN,213,L
IN,214,Q
IN,215,K
IN,216,Q
IN,217,I
IN,218,T
IN,219,K
IN,220,I
IN,221,Q
IN,222,N
IN,223,F
IN,224,R
IN,225,V
IN,226,Y
IN,227,Y
IN,228,R
IN,229,D
IN,230,S
IN,231,R
IN,232,D
IN,233,P
IN,234,L
IN,235,W
IN,236,K
IN,237,G
IN,238,P
IN,239,A
IN,240,K
IN,241,L
IN,242,L
IN,243,W
IN,244,K
IN,245,G
IN,246,E
IN,247,G
IN,248,A
IN,249,V
IN,250,V
IN,251,I
IN,252,Q
IN,253,D
IN,254,N
IN,255,S
IN,256,D
IN,257,I
IN,258,K
IN,259,V
IN,260,V
IN,261,P
IN,262,R
IN,263,R
IN,264,K
IN,265,A
IN,266,K
IN,267,I
IN,268,I
IN,269,R
IN,270,D
IN,271,Y
IN,272,G
IN,273,K
IN,274,Q
IN,275,M
IN,276,A
IN,277,G
IN,278,D
IN,279,D
IN,280,C
IN,281,V
IN,282,A
IN,283,S
IN,284,R
IN,285,Q
IN,286,D
IN,287,E
IN,288,D
